id_avis,id_client,id_service,note,date_publication
1,474,2,4,2025-01-06
2,233,5,2,2025-01-07
3,252,4,5,2025-01-05
4,197,1,4,2025-01-08
5,252,5,5,2025-01-12
6,299,1,4,2025-01-12
7,194,3,5,2025-01-07
8,148,4,3,2025-01-13
9,259,2,3,2025-01-08
10,206,2,4,2025-01-14
11,103,5,4,2025-01-17
12,15,1,4,2025-01-15
13,161,4,4,2025-01-12
14,268,1,2,2025-01-10
15,255,3,4,2025-01-17
16,226,1,4,2025-01-20
17,416,2,4,2025-01-12
18,209,3,5,2025-01-20
19,329,2,3,2025-01-16
20,304,5,3,2025-01-24
21,94,4,5,2025-01-20
22,115,5,4,2025-01-17
23,210,1,5,2025-01-26
24,466,1,5,2025-01-25
25,22,3,4,2025-01-27
26,409,1,4,2025-01-20
27,241,1,3,2025-01-19
28,14,4,4,2025-01-23
29,332,1,3,2025-01-27
30,222,3,3,2025-01-28
31,454,5,4,2025-01-28
32,258,1,3,2025-01-25
33,301,1,3,2025-01-29
34,250,5,3,2025-01-31
35,494,4,3,2025-01-28
36,321,3,4,2025-01-28
37,292,5,3,2025-01-29
38,434,2,5,2025-02-04
39,263,5,5,2025-02-01
40,250,3,5,2025-01-31
41,240,5,4,2025-02-05
42,10,3,5,2025-02-01
43,435,3,5,2025-02-08
44,191,2,4,2025-02-10
45,85,1,5,2025-02-12
46,339,1,3,2025-02-10
47,207,5,4,2025-02-09
48,398,2,3,2025-02-06
49,372,2,5,2025-02-15
50,64,5,3,2025-02-16
51,378,3,4,2025-02-14
52,287,1,5,2025-02-08
53,383,1,4,2025-02-15
54,79,1,4,2025-02-15
55,15,2,5,2025-02-18
56,244,3,5,2025-02-17
57,326,5,5,2025-02-21
58,461,3,4,2025-02-21
59,175,3,4,2025-02-21
60,366,1,5,2025-02-23
61,127,1,4,2025-02-17
62,229,3,4,2025-02-24
63,192,3,3,2025-02-20
64,144,3,4,2025-02-22
65,16,4,4,2025-02-20
66,418,3,4,2025-02-21
67,348,3,5,2025-02-23
68,370,3,3,2025-02-26
69,398,2,5,2025-03-07
70,196,3,5,2025-03-07
71,451,1,3,2025-03-04
72,305,2,4,2025-03-01
73,30,1,5,2025-03-02
74,170,3,4,2025-03-03
75,169,3,4,2025-03-08
76,379,4,4,2025-03-02
77,454,1,5,2025-03-11
78,42,5,4,2025-03-07
79,238,3,4,2025-03-05
80,121,1,4,2025-03-12
81,479,2,5,2025-03-11
82,319,2,4,2025-03-10
83,61,1,4,2025-03-14
84,169,1,5,2025-03-09
85,98,4,5,2025-03-14
86,120,1,4,2025-03-14
87,237,4,5,2025-03-11
88,192,1,4,2025-03-13
89,256,5,3,2025-03-10
90,169,1,5,2025-03-14
91,74,3,4,2025-03-14
92,322,1,4,2025-03-20
93,462,3,3,2025-03-20
94,189,3,4,2025-03-20
95,380,3,5,2025-03-14
96,329,3,5,2025-03-23
97,228,3,4,2025-03-22
98,321,3,4,2025-03-18
99,335,1,3,2025-03-19
100,418,2,4,2025-03-18
101,275,3,5,2025-03-20
102,262,1,3,2025-03-24
103,372,2,5,2025-03-25
104,143,5,4,2025-03-21
105,213,4,3,2025-03-16
106,478,1,3,2025-03-23
107,85,3,4,2025-03-19
108,247,5,5,2025-03-23
109,226,5,4,2025-03-22
110,482,4,4,2025-03-28
111,302,4,4,2025-03-22
112,310,1,5,2025-03-29
113,488,3,5,2025-03-25
114,1,2,3,2025-03-29
115,102,1,4,2025-03-27
116,109,3,5,2025-03-28
117,56,5,3,2025-03-25
118,4,5,5,2025-03-29
119,249,3,5,2025-03-30
120,456,2,4,2025-03-23
121,474,5,4,2025-03-23
122,100,5,3,2025-03-28
123,367,5,4,2025-04-04
124,489,5,4,2025-03-30
125,252,3,5,2025-03-29
126,439,2,5,2025-03-28
127,437,4,4,2025-03-28
128,303,2,5,2025-04-03
129,187,5,4,2025-04-03
130,303,5,4,2025-04-04
131,415,3,5,2025-04-05
132,100,3,4,2025-04-03
133,406,3,4,2025-03-30
134,440,5,2,2025-04-02
135,475,5,4,2025-03-31
136,360,3,4,2025-04-09
137,266,3,4,2025-04-11
138,106,4,4,2025-04-03
139,485,3,5,2025-04-09
140,296,4,4,2025-04-11
141,311,2,5,2025-04-11
142,69,1,5,2025-04-09
143,357,1,4,2025-04-07
144,262,4,4,2025-04-10
145,223,2,5,2025-04-06
146,312,4,3,2025-04-11
147,93,1,5,2025-04-06
148,305,4,4,2025-04-08
149,182,3,4,2025-04-07
150,483,3,3,2025-04-05
151,486,5,4,2025-04-13
152,472,2,3,2025-04-07
153,330,1,3,2025-04-09
154,435,5,4,2025-04-16
155,182,2,5,2025-04-13
156,79,3,4,2025-04-13
157,381,1,4,2025-04-19
158,492,1,5,2025-04-14
159,205,1,5,2025-04-18
160,246,2,5,2025-04-19
161,362,1,4,2025-04-15
162,10,1,5,2025-04-17
163,157,1,5,2025-04-16
164,164,1,5,2025-04-19
165,95,3,4,2025-04-15
166,380,3,4,2025-04-18
167,67,1,3,2025-04-16
168,453,3,5,2025-04-14
169,230,5,5,2025-04-14
170,498,1,5,2025-04-18
171,446,4,4,2025-04-13
172,288,1,4,2025-04-16
173,448,5,4,2025-04-22
174,274,3,4,2025-04-24
175,167,3,5,2025-04-20
176,210,4,4,2025-04-19
177,6,1,4,2025-04-20
178,498,1,5,2025-04-22
179,418,3,5,2025-04-24
180,352,2,5,2025-04-24
181,466,1,4,2025-04-25
182,246,2,4,2025-04-22
183,64,1,4,2025-04-19
184,453,1,5,2025-04-24
185,449,3,5,2025-04-26
186,373,4,4,2025-04-22
187,186,4,4,2025-04-21
188,435,1,5,2025-04-29
189,437,4,3,2025-04-22
190,370,3,4,2025-05-02
191,83,3,4,2025-05-01
192,500,1,5,2025-04-26
193,380,4,4,2025-04-28
194,119,1,5,2025-05-03
195,49,5,4,2025-05-05
196,296,1,5,2025-04-26
197,474,5,4,2025-04-28
198,350,3,4,2025-04-30
199,343,5,4,2025-05-06
200,239,3,4,2025-05-04
201,204,1,4,2025-05-01
202,414,5,5,2025-05-06
203,445,2,5,2025-05-09
204,95,2,4,2025-05-03
205,386,1,5,2025-05-04
206,78,4,4,2025-05-03
207,348,1,4,2025-05-04
208,91,1,2,2025-05-03
209,338,1,4,2025-05-02
210,283,5,3,2025-05-07
211,402,3,4,2025-05-11
212,146,1,4,2025-05-06
213,466,3,5,2025-05-05
214,89,1,4,2025-05-08
215,364,2,5,2025-05-08
216,166,5,3,2025-05-11
217,304,1,3,2025-05-11
218,324,4,3,2025-05-06
219,63,5,4,2025-05-07
220,408,5,5,2025-05-09
221,352,1,5,2025-05-10
222,315,1,4,2025-05-13
223,160,2,4,2025-05-15
224,130,2,4,2025-05-17
225,417,3,5,2025-05-13
226,178,2,4,2025-05-19
227,371,1,4,2025-05-13
228,189,1,5,2025-05-16
229,442,1,4,2025-05-14
230,339,1,5,2025-05-17
231,48,1,5,2025-05-20
232,233,5,5,2025-05-12
233,488,1,4,2025-05-17
234,382,3,5,2025-05-14
235,44,3,3,2025-05-16
236,171,1,5,2025-05-17
237,254,1,4,2025-05-17
238,306,4,4,2025-05-22
239,497,3,3,2025-05-18
240,269,3,4,2025-05-23
241,462,5,3,2025-05-17
242,328,3,4,2025-05-16
243,328,4,5,2025-05-21
244,348,5,5,2025-05-21
245,26,1,4,2025-05-24
246,284,3,4,2025-05-26
247,237,2,5,2025-05-25
248,72,1,4,2025-05-27
249,433,5,3,2025-05-23
250,448,2,4,2025-05-27
251,333,5,5,2025-05-26
252,155,1,4,2025-05-25
253,259,1,4,2025-05-28
254,95,1,3,2025-05-27
255,12,3,5,2025-05-29
256,380,4,4,2025-05-22
257,6,1,3,2025-05-31
258,371,5,5,2025-05-31
259,331,2,4,2025-05-30
260,166,4,4,2025-05-29
261,35,3,5,2025-05-28
262,55,5,5,2025-06-01
263,194,5,5,2025-05-28
264,252,3,5,2025-05-31
265,185,1,4,2025-06-01
266,200,5,3,2025-05-28
267,160,1,5,2025-05-31
268,281,2,4,2025-05-30
269,42,5,4,2025-06-06
270,14,5,3,2025-06-07
271,194,1,5,2025-06-07
272,225,2,4,2025-06-04
273,438,2,5,2025-06-04
274,23,3,5,2025-06-10
275,339,2,5,2025-06-01
276,386,2,4,2025-06-07
277,129,1,4,2025-06-07
278,435,5,5,2025-06-11
279,40,4,4,2025-06-07
280,500,1,4,2025-06-08
281,337,5,2,2025-06-08
282,323,5,4,2025-06-10
283,466,5,4,2025-06-14
284,4,5,5,2025-06-12
285,225,2,5,2025-06-16
286,297,2,3,2025-06-16
287,283,1,3,2025-06-19
288,422,3,3,2025-06-20
289,375,1,4,2025-06-13
290,135,5,5,2025-06-16
291,339,4,4,2025-06-19
292,126,3,4,2025-06-19
293,136,2,4,2025-06-19
294,68,3,4,2025-06-12
295,384,5,5,2025-06-13
296,364,2,5,2025-06-20
297,340,1,4,2025-06-15
298,114,3,4,2025-06-22
299,468,4,4,2025-06-16
300,441,1,4,2025-06-21
301,212,1,3,2025-06-14
302,259,5,3,2025-06-24
303,426,4,4,2025-06-21
304,201,5,3,2025-06-19
305,395,3,4,2025-06-25
306,407,1,3,2025-06-26
307,237,3,4,2025-06-27
308,7,2,5,2025-06-27
309,49,1,3,2025-06-30
310,287,3,4,2025-06-30
311,146,2,3,2025-06-27
312,320,5,4,2025-06-29
313,104,5,4,2025-06-27
314,135,1,5,2025-06-21
315,341,1,5,2025-06-23
316,202,2,5,2025-07-01
317,268,2,5,2025-06-30
318,239,2,3,2025-07-01
319,62,5,4,2025-06-25
320,432,3,3,2025-07-05
321,175,1,5,2025-06-28
322,46,5,5,2025-06-28
323,327,1,3,2025-06-29
324,429,1,4,2025-07-04
325,258,4,4,2025-07-04
326,108,4,4,2025-07-05
327,348,1,4,2025-07-05
328,497,1,5,2025-06-30
329,497,3,4,2025-07-07
330,189,1,5,2025-07-02
331,109,3,4,2025-07-11
332,197,1,3,2025-07-07
333,389,1,5,2025-07-12
334,447,1,4,2025-07-05
335,251,1,4,2025-07-04
336,111,3,5,2025-07-14
337,146,1,4,2025-07-14
338,305,3,4,2025-07-13
339,146,2,4,2025-07-14
340,68,3,4,2025-07-18
341,112,5,4,2025-07-14
342,55,3,5,2025-07-13
343,465,2,5,2025-07-11
344,97,3,3,2025-07-14
345,491,3,5,2025-07-20
346,31,4,5,2025-07-15
347,38,1,4,2025-07-22
348,14,1,4,2025-07-16
349,484,2,5,2025-07-21
350,374,1,3,2025-07-20
351,468,3,3,2025-07-23
352,404,1,5,2025-07-23
353,440,4,4,2025-07-25
354,312,3,5,2025-07-26
355,117,5,5,2025-07-23
356,452,4,3,2025-07-20
357,60,2,4,2025-07-23
358,176,3,4,2025-07-27
359,166,5,5,2025-07-25
360,313,4,4,2025-07-24
361,305,2,3,2025-07-27
362,500,5,4,2025-07-28
363,317,3,5,2025-07-28
364,57,1,3,2025-08-01
365,103,1,4,2025-07-27
366,171,1,4,2025-07-29
367,192,5,5,2025-07-31
368,151,5,5,2025-07-29
369,421,3,5,2025-08-06
370,489,5,4,2025-08-05
371,104,5,4,2025-08-04
372,182,4,4,2025-08-01
373,334,2,4,2025-08-04
374,200,5,4,2025-08-10
375,66,1,5,2025-08-07
376,34,1,4,2025-08-10
377,426,3,4,2025-08-09
378,453,3,4,2025-08-10
379,75,5,5,2025-08-11
380,177,2,5,2025-08-11
381,131,5,4,2025-08-13
382,224,1,5,2025-08-14
383,94,5,4,2025-08-09
384,244,2,3,2025-08-16
385,64,5,4,2025-08-20
386,160,4,3,2025-08-17
387,58,5,5,2025-08-22
388,444,2,4,2025-08-16
389,137,3,5,2025-08-19
390,295,3,5,2025-08-20
391,235,1,3,2025-08-22
392,47,2,4,2025-08-26
393,54,3,5,2025-08-24
394,315,4,4,2025-08-30
395,21,1,4,2025-08-24
396,115,1,4,2025-09-01
397,277,2,5,2025-08-24
398,360,5,5,2025-09-02
399,115,4,4,2025-09-02
400,255,3,5,2025-09-04
401,486,1,4,2025-09-05
402,276,5,3,2025-08-29
403,351,1,4,2025-08-30
404,130,2,5,2025-09-04
405,11,2,3,2025-08-29
406,396,1,3,2025-09-08
407,343,5,4,2025-09-07
408,13,2,5,2025-09-11
409,274,3,5,2025-09-06
410,105,5,3,2025-09-05
411,196,3,4,2025-09-07
412,124,3,5,2025-09-04
413,200,5,4,2025-09-12
414,73,2,5,2025-09-09
415,115,3,4,2025-09-07
416,35,1,3,2025-09-06
417,349,2,4,2025-09-11
418,246,1,4,2025-09-07
419,391,1,4,2025-09-06
420,379,1,3,2025-09-12
421,485,5,4,2025-09-15
422,337,1,5,2025-09-09
423,30,3,5,2025-09-16
424,369,1,4,2025-09-09
425,54,5,3,2025-09-08
426,413,5,5,2025-09-13
427,167,2,4,2025-09-12
428,365,1,5,2025-09-13
429,317,1,2,2025-09-12
430,334,1,4,2025-09-20
431,212,5,5,2025-09-15
432,106,2,3,2025-09-14
433,250,1,3,2025-09-16
434,472,1,4,2025-09-12
435,462,1,3,2025-09-15
436,34,4,4,2025-09-12
437,230,2,3,2025-09-20
438,469,1,4,2025-09-23
439,10,5,4,2025-09-20
440,178,2,4,2025-09-16
441,497,1,5,2025-09-18
442,63,5,3,2025-09-23
443,310,3,4,2025-09-18
444,102,1,5,2025-09-22
445,64,5,2,2025-09-21
446,4,1,5,2025-09-28
447,387,3,5,2025-09-23
448,135,3,3,2025-09-24
449,73,3,3,2025-09-26
450,404,2,4,2025-09-29
451,485,4,4,2025-09-26
452,73,5,5,2025-09-26
453,372,1,3,2025-09-27
454,320,3,5,2025-09-28
455,406,1,4,2025-09-29
456,248,3,4,2025-10-03
457,161,4,4,2025-10-02
458,454,3,4,2025-10-03
459,366,1,5,2025-10-04
460,212,4,5,2025-10-02
461,117,1,4,2025-09-26
462,213,1,4,2025-09-29
463,299,1,4,2025-09-27
464,469,1,4,2025-10-06
465,62,2,3,2025-09-28
466,412,2,4,2025-10-02
467,419,5,5,2025-10-04
468,40,4,4,2025-10-08
469,439,5,4,2025-10-03
470,289,3,5,2025-10-06
471,348,4,3,2025-10-05
472,345,5,5,2025-10-06
473,222,3,4,2025-10-04
474,22,4,4,2025-10-09
475,379,1,4,2025-10-13
476,375,4,5,2025-10-04
477,420,2,5,2025-10-09
478,55,3,4,2025-10-05
479,386,3,5,2025-10-09
480,484,1,4,2025-10-08
481,326,2,3,2025-10-06
482,164,1,3,2025-10-08
483,386,1,4,2025-10-11
484,195,5,5,2025-10-09
485,290,1,5,2025-10-12
486,300,5,5,2025-10-08
487,225,4,5,2025-10-17
488,460,4,4,2025-10-15
489,143,3,4,2025-10-18
490,135,2,5,2025-10-09
491,31,1,3,2025-10-12
492,441,5,5,2025-10-18
493,429,4,4,2025-10-12
494,144,4,4,2025-10-14
495,275,4,4,2025-10-20
496,173,3,4,2025-10-16
497,290,2,4,2025-10-19
498,417,3,5,2025-10-23
499,142,3,5,2025-10-16
500,58,1,5,2025-10-18
501,182,3,4,2025-10-16
502,2,5,3,2025-10-24
503,228,1,5,2025-10-18
504,195,4,4,2025-10-18
505,224,4,2,2025-10-21
506,316,3,4,2025-10-24
507,107,3,5,2025-10-23
508,48,4,4,2025-10-24
509,131,3,5,2025-10-19
510,469,1,5,2025-10-25
511,447,2,5,2025-10-24
512,92,1,4,2025-10-28
513,438,5,4,2025-10-23
514,68,1,4,2025-10-22
515,237,3,4,2025-10-25
516,148,1,5,2025-10-21
517,278,4,3,2025-10-24
518,267,5,5,2025-10-24
519,385,3,4,2025-10-20
520,196,5,3,2025-10-27
521,9,2,4,2025-10-29
522,139,5,4,2025-10-29
523,137,3,5,2025-10-28
524,214,5,5,2025-10-29
525,474,1,3,2025-10-26
526,133,5,5,2025-10-25
527,208,5,5,2025-10-31
528,422,3,5,2025-10-29
529,128,1,4,2025-10-25
530,186,1,4,2025-10-29
531,208,4,4,2025-11-01
532,304,4,5,2025-10-28
533,5,1,4,2025-10-27
534,91,3,3,2025-11-01
535,99,5,3,2025-10-30
536,398,3,4,2025-11-04
537,17,1,4,2025-11-03
538,77,1,4,2025-11-01
539,483,2,4,2025-11-07
540,459,4,4,2025-11-04
541,166,3,4,2025-10-30
542,338,4,3,2025-10-31
543,491,5,4,2025-11-09
544,2,4,3,2025-11-01
545,101,3,5,2025-11-05
546,369,5,5,2025-11-07
547,20,2,4,2025-11-01
548,204,1,3,2025-11-02
549,91,5,2,2025-11-11
550,464,3,5,2025-11-10
551,148,4,5,2025-11-03
552,239,1,5,2025-11-06
553,468,3,4,2025-11-13
554,200,4,5,2025-11-09
555,189,3,3,2025-11-10
556,275,4,4,2025-11-15
557,187,5,3,2025-11-14
558,410,5,5,2025-11-10
559,208,5,5,2025-11-17
560,363,3,5,2025-11-11
561,467,2,4,2025-11-14
562,334,1,4,2025-11-09
563,445,1,3,2025-11-15
564,222,5,4,2025-11-12
565,146,1,5,2025-11-20
566,272,2,5,2025-11-18
567,103,3,5,2025-11-19
568,83,1,4,2025-11-19
569,383,1,4,2025-11-18
570,461,1,4,2025-11-19
571,285,4,4,2025-11-14
572,322,3,5,2025-11-21
573,394,3,4,2025-11-21
574,100,3,5,2025-11-20
575,290,5,4,2025-11-18
576,212,1,4,2025-11-21
577,50,1,5,2025-11-22
578,129,5,3,2025-11-17
579,23,3,5,2025-11-18
580,374,1,5,2025-11-15
581,11,1,4,2025-11-17
582,236,1,4,2025-11-22
583,82,2,4,2025-11-25
584,38,2,5,2025-11-23
585,396,1,4,2025-11-26
586,462,5,5,2025-11-22
587,287,4,5,2025-11-28
588,70,5,5,2025-11-21
589,378,1,3,2025-11-28
590,173,3,4,2025-11-20
591,354,4,4,2025-11-26
592,388,4,4,2025-11-29
593,252,3,5,2025-11-23
594,134,1,4,2025-11-22
595,371,2,3,2025-11-22
596,121,3,4,2025-11-24
597,138,5,5,2025-11-22
598,271,5,5,2025-11-24
599,209,3,4,2025-11-23
600,67,1,5,2025-11-28
601,200,1,5,2025-12-02
602,385,5,5,2025-12-02
603,404,1,4,2025-11-26
604,497,1,5,2025-11-26
605,239,1,3,2025-11-28
606,102,4,4,2025-11-29
607,438,2,4,2025-12-04
608,390,1,3,2025-12-02
609,474,1,4,2025-12-05
610,295,4,4,2025-12-02
611,100,1,4,2025-12-01
612,357,2,4,2025-12-05
613,109,3,4,2025-12-04
614,56,2,5,2025-12-01
615,245,2,4,2025-12-01
616,412,2,3,2025-12-06
617,439,5,4,2025-12-09
618,400,1,5,2025-12-03
619,359,3,5,2025-12-08
620,424,4,5,2025-12-05
621,415,5,4,2025-12-11
622,461,4,5,2025-12-12
623,465,3,4,2025-12-12
624,332,5,5,2025-12-11
625,101,2,5,2025-12-14
626,483,3,5,2025-12-09
627,382,1,4,2025-12-10
628,238,2,5,2025-12-07
629,53,5,4,2025-12-12
630,254,3,4,2025-12-15
631,39,3,5,2025-12-19
632,449,5,5,2025-12-20
633,210,3,5,2025-12-19
634,207,4,4,2025-12-19
635,207,5,4,2025-12-20
636,414,3,4,2025-12-16
637,72,4,5,2025-12-12
638,82,1,5,2025-12-18
639,488,5,5,2025-12-15
640,47,4,5,2025-12-15
641,33,1,3,2025-12-16
642,16,1,5,2025-12-20
643,437,5,4,2025-12-20
644,304,1,4,2025-12-18
645,331,4,4,2025-12-17
646,187,1,4,2025-12-24
647,318,1,5,2025-12-18
648,443,4,5,2025-12-22
649,118,1,4,2025-12-22
650,330,5,4,2025-12-29
651,445,5,3,2025-12-25
652,52,3,5,2025-12-23
653,188,3,3,2025-12-21
654,148,5,4,2025-12-26
655,368,1,5,2025-12-21
656,461,1,4,2025-12-30
657,53,2,3,2025-12-26
658,227,1,4,2025-12-26
659,405,2,5,2026-01-01
660,158,5,5,2026-01-01
661,381,1,4,2025-12-27
662,293,5,5,2025-12-25
663,266,1,5,2025-12-28
664,51,1,4,2025-12-26
665,122,5,4,2026-01-03
666,385,2,5,2025-12-29
667,108,1,3,2025-12-27
668,319,4,4,2025-12-31
669,195,1,5,2026-01-01
670,402,2,3,2026-01-03
671,66,5,5,2026-01-01
672,158,2,4,2026-01-03
673,39,1,3,2026-01-01
674,462,1,3,2026-01-01
675,450,2,5,2026-01-02
676,394,2,4,2026-01-01
677,83,2,3,2026-01-02
678,373,1,4,2026-01-03
679,369,2,5,2026-01-07
680,261,2,4,2026-01-10
681,118,3,4,2026-01-05
682,81,4,3,2026-01-06
683,17,5,5,2026-01-03
684,121,1,4,2026-01-10
685,162,4,4,2026-01-11
686,384,1,4,2026-01-16
687,111,2,5,2026-01-08
688,128,5,3,2026-01-16
689,261,3,5,2026-01-15
690,205,5,5,2026-01-17
691,432,3,4,2026-01-16
692,392,3,4,2026-01-19
693,91,1,5,2026-01-16
694,298,2,5,2026-01-19
695,369,5,5,2026-01-22
696,160,3,5,2026-01-19
697,198,2,4,2026-01-19
698,423,5,4,2026-01-17
699,357,2,5,2026-01-18
700,33,1,5,2026-01-23
701,50,5,5,2026-01-25
702,168,3,5,2026-01-25
703,117,3,5,2026-01-21
704,107,3,3,2026-01-29
705,52,1,5,2026-01-23
706,414,1,5,2026-01-30
707,15,3,5,2026-01-22
708,114,4,4,2026-01-24
709,5,3,4,2026-01-26
710,90,3,5,2026-01-31
711,302,5,5,2026-02-02
712,184,1,4,2026-01-24
713,284,2,5,2026-02-01
714,285,3,3,2026-02-06
715,182,3,4,2026-02-05
716,118,1,5,2026-02-07
717,458,3,4,2026-01-30
718,89,3,5,2026-02-01
719,186,5,5,2026-02-06
720,276,5,5,2026-01-31
721,301,4,3,2026-02-07
722,105,4,3,2026-02-10
723,100,4,4,2026-02-11
724,217,2,3,2026-02-14
725,190,1,5,2026-02-13
726,52,1,4,2026-02-11
727,390,3,4,2026-02-09
728,68,3,4,2026-02-13
729,479,4,3,2026-02-13
730,47,1,4,2026-02-12
731,249,5,4,2026-02-12
732,2,1,4,2026-02-16
733,313,5,5,2026-02-20
734,313,1,4,2026-02-19
735,337,3,4,2026-02-20
736,288,1,4,2026-02-15
737,443,3,4,2026-02-18
738,170,1,5,2026-02-24
739,26,2,4,2026-02-26
740,482,2,4,2026-03-02
741,70,1,3,2026-02-27
742,183,5,4,2026-03-01
743,202,3,4,2026-02-24
744,370,3,5,2026-02-25
745,179,3,5,2026-02-24
746,280,5,4,2026-03-02
747,291,4,3,2026-03-05
748,204,3,4,2026-03-06
749,195,2,5,2026-02-28
750,399,3,4,2026-03-05
751,457,4,4,2026-02-27
752,70,1,3,2026-03-09
753,285,3,4,2026-03-02
754,190,4,3,2026-03-04
755,396,3,5,2026-03-07
756,282,2,5,2026-03-07
757,111,3,5,2026-03-14
758,466,5,5,2026-03-14
759,71,5,4,2026-03-05
760,118,1,4,2026-03-13
761,7,1,3,2026-03-11
762,255,1,3,2026-03-11
763,194,3,4,2026-03-11
764,186,1,4,2026-03-09
765,154,3,4,2026-03-08
766,111,1,4,2026-03-13
767,348,3,5,2026-03-20
768,377,3,5,2026-03-18
769,365,3,5,2026-03-13
770,224,2,4,2026-03-17
771,460,3,4,2026-03-17
772,463,3,4,2026-03-16
773,482,3,4,2026-03-18
774,41,2,4,2026-03-20
775,211,5,5,2026-03-16
776,228,5,3,2026-03-22
777,209,1,4,2026-03-22
778,189,5,4,2026-03-23
779,465,4,4,2026-03-24
780,439,3,5,2026-03-25
781,219,4,4,2026-03-22
782,465,2,4,2026-03-26
783,311,5,3,2026-03-20
784,284,2,4,2026-03-26
785,94,5,3,2026-03-22
786,150,3,5,2026-03-30
787,336,3,4,2026-03-26
788,7,4,5,2026-03-27
789,339,1,3,2026-03-28
790,425,4,4,2026-03-31
791,410,1,5,2026-03-30
792,369,3,5,2026-03-30
793,169,1,4,2026-03-26
794,10,1,4,2026-04-01
795,319,2,5,2026-04-01
796,233,3,4,2026-03-26
797,333,3,5,2026-04-01
798,482,2,4,2026-03-27
799,36,1,3,2026-03-31
800,238,1,3,2026-04-01
801,113,1,4,2026-04-06
802,452,1,4,2026-04-04
803,170,2,4,2026-04-01
804,231,4,4,2026-03-30
805,496,5,4,2026-04-09
806,354,5,4,2026-04-01
807,222,1,4,2026-04-11
808,115,2,4,2026-04-04
809,183,5,5,2026-04-05
810,2,2,4,2026-04-04
811,152,3,5,2026-04-03
812,250,4,4,2026-04-08
813,287,2,3,2026-04-08
814,240,1,4,2026-04-06
815,128,3,5,2026-04-10
816,152,5,4,2026-04-11
817,55,3,4,2026-04-13
818,136,5,4,2026-04-13
819,128,4,3,2026-04-17
820,284,1,3,2026-04-17
821,249,1,4,2026-04-12
822,407,1,3,2026-04-17
823,304,2,5,2026-04-18
824,340,1,4,2026-04-20
825,436,4,5,2026-04-18
826,152,5,5,2026-04-16
827,285,4,5,2026-04-24
828,126,5,3,2026-04-15
829,93,2,5,2026-04-15
830,242,4,5,2026-04-18
831,334,3,4,2026-04-25
832,474,1,4,2026-04-24
833,468,3,5,2026-04-18
834,54,5,4,2026-04-18
835,499,3,5,2026-04-23
836,461,1,5,2026-04-18
837,395,1,3,2026-04-27
838,60,1,5,2026-04-22
839,215,3,5,2026-04-26
840,284,3,4,2026-04-23
841,484,3,5,2026-05-01
842,274,1,5,2026-04-24
843,17,5,5,2026-04-27
844,149,1,5,2026-04-29
845,1,1,5,2026-04-24
846,278,4,5,2026-04-29
847,61,3,4,2026-05-03
848,338,2,2,2026-04-26
849,128,5,5,2026-04-29
850,44,5,4,2026-05-06
851,327,1,5,2026-05-02
852,158,2,4,2026-05-03
853,396,1,5,2026-04-30
854,64,3,4,2026-05-06
855,159,3,5,2026-05-01
856,142,5,5,2026-05-04
857,225,3,4,2026-05-11
858,252,5,4,2026-05-11
859,37,1,4,2026-05-11
860,42,3,4,2026-05-09
861,175,1,5,2026-05-12
862,190,5,4,2026-05-09
863,107,3,4,2026-05-05
864,493,3,4,2026-05-06
865,366,2,3,2026-05-10
866,469,3,5,2026-05-11
867,441,3,4,2026-05-09
868,279,3,5,2026-05-10
869,131,1,3,2026-05-14
870,154,2,4,2026-05-10
871,110,3,4,2026-05-08
872,407,3,4,2026-05-09
873,64,4,5,2026-05-10
874,179,1,4,2026-05-09
875,96,5,4,2026-05-16
876,363,1,4,2026-05-15
877,488,5,5,2026-05-16
878,382,3,5,2026-05-19
879,94,1,5,2026-05-13
880,26,3,5,2026-05-14
881,172,5,4,2026-05-18
882,70,1,4,2026-05-20
883,16,2,3,2026-05-18
884,50,3,5,2026-05-21
885,200,4,4,2026-05-23
886,494,1,5,2026-05-17
887,209,5,4,2026-05-16
888,151,5,5,2026-05-20
889,497,4,4,2026-05-20
890,295,1,5,2026-05-20
891,131,4,4,2026-05-19
892,346,2,5,2026-05-18
893,5,1,4,2026-05-20
894,150,5,3,2026-05-17
895,321,5,3,2026-05-16
896,277,1,5,2026-05-19
897,86,1,5,2026-05-21
898,444,4,5,2026-05-19
899,304,4,5,2026-05-19
900,399,1,4,2026-05-18
901,2,1,4,2026-05-20
902,386,5,4,2026-05-25
903,487,4,4,2026-05-18
904,285,5,4,2026-05-20
905,134,2,3,2026-05-21
906,13,1,4,2026-05-24
907,45,1,5,2026-05-26
908,180,4,4,2026-05-22
909,494,4,4,2026-05-23
910,425,1,5,2026-05-26
911,8,1,5,2026-05-25
912,215,4,4,2026-05-28
913,64,4,4,2026-06-05
914,257,1,5,2026-06-02
915,259,1,3,2026-05-29
916,421,3,5,2026-06-03
917,40,5,5,2026-06-04
918,445,3,5,2026-06-01
919,104,3,4,2026-06-02
920,257,2,4,2026-05-30
921,196,4,5,2026-06-04
922,187,1,5,2026-06-06
923,199,5,3,2026-05-31
924,458,5,5,2026-06-01
925,58,1,3,2026-06-04
926,438,5,5,2026-06-01
927,467,5,4,2026-06-12
928,119,3,5,2026-06-11
929,390,1,5,2026-06-03
930,63,4,4,2026-06-09
931,117,1,3,2026-06-08
932,38,4,4,2026-06-09
933,106,1,4,2026-06-10
934,16,3,5,2026-06-08
935,381,4,3,2026-06-06
936,488,5,4,2026-06-15
937,301,2,5,2026-06-07
938,76,1,5,2026-06-09
939,484,1,4,2026-06-09
940,279,1,4,2026-06-11
941,490,2,3,2026-06-19
942,289,2,4,2026-06-21
943,284,2,3,2026-06-12
944,320,2,3,2026-06-14
945,259,3,5,2026-06-18
946,461,3,5,2026-06-14
947,317,2,5,2026-06-19
948,449,3,4,2026-06-17
949,314,4,4,2026-06-17
950,191,1,5,2026-06-21
951,191,2,3,2026-06-23
952,141,2,5,2026-06-26
953,205,1,3,2026-06-25
954,3,1,5,2026-06-20
955,346,1,5,2026-06-18
956,22,1,4,2026-06-21
957,221,4,5,2026-06-23
958,403,1,5,2026-06-21
959,278,4,4,2026-06-22
960,245,4,5,2026-06-20
961,474,3,3,2026-06-24
962,42,4,4,2026-06-19
963,408,4,3,2026-06-22
964,7,3,3,2026-06-25
965,457,2,4,2026-06-25
966,205,1,3,2026-06-30
967,423,1,5,2026-06-24
968,459,1,2,2026-06-29
969,415,5,4,2026-07-03
970,290,1,4,2026-07-02
971,294,2,4,2026-06-29
972,219,1,2,2026-06-28
973,142,3,5,2026-07-02
974,386,1,4,2026-07-05
975,132,3,4,2026-07-04
976,387,5,5,2026-06-29
977,35,3,3,2026-07-05
978,158,3,5,2026-07-04
979,156,3,4,2026-07-07
980,162,3,4,2026-07-02
981,31,1,5,2026-06-30
982,426,5,4,2026-07-02
983,16,1,4,2026-07-04
